idx,bs1_emb2,bs1_emb3,bs1_emb4,bs2_emb2,bs2_emb3,bs2_emb4,bs3_emb2,bs3_emb3,bs3_emb4,bs4_emb2,bs4_emb3,bs4_emb4,bs5_emb2,bs5_emb3,bs5_emb4
0,t ing y ue | y un -> 听岳云,t ing y ue | y un -> 听岳云,t ing y ue | y un -> 听岳云,t an | zh i m a -> 谭执马,t an | zh i m a -> 谭执马,t an | zh i m a -> 谭执马,t an | zh ang g eng -> 谭章耿,t an | zh ang g eng -> 谭章耿,t an | zh ang g eng -> 谭章耿,t an | zh ang g eng -> 谭章耿,t an | zh i m ing -> 谭执明,t an | zh i m ing -> 谭执明,t an | zh i m ing -> 谭执明,t an | zh i m ing -> 谭执明,t an | zh ang g e -> 谭章葛
1,zh ao m eng | q ing -> 赵孟青,zh ao m eng | q ing -> 赵孟青,zh ao m eng | q ing -> 赵孟青,sh i | m o b ai -> 史莫百,sh i | m o b ai -> 史莫百,sh i | m o b ai -> 史莫百,sh i | m o b ai -> 史莫百,sh i | m o b ai -> 史莫百,sh i | m o b ai -> 史莫百,sh i | m o b ai -> 史莫百,sh i | m o b ai -> 史莫百,sh i | m o b ai -> 史莫百,sh i | m o b ai -> 史莫百,sh i | m o b ai -> 史莫百,sh i | m o b ai -> 史莫百
2,m ao | z uo -> 毛左,m ao | z uo -> 毛左,m ao | z uo -> 毛左,l i | x uan h eng -> 璃轩衡,l i | x uan h eng -> 璃轩衡,l i | x uan h eng -> 璃轩衡,l i | x uan h eng -> 璃轩衡,l i | x uan h eng -> 璃轩衡,l i | x uan h eng -> 璃轩衡,l i | x uan h eng -> 璃轩衡,l i | x uan zh en -> 璃轩真,l i | x uan h eng -> 璃轩衡,l i | x uan h eng -> 璃轩衡,l i | x uan m ing -> 璃轩冥,l i | x uan h eng -> 璃轩衡
3,_ an b ai | q iu g ui w ang n ing y un ch e -> 安柏秋归王宁云澈,_ an b ai | q iu y in -> 安柏秋尹,_ an b ai | q iu y in -> 安柏秋尹,zh eng | h uai n ing -> 郑怀宁,zh eng b ai -> <INVALID>,zh eng | h uai n ing -> 郑怀宁,zh eng | h uai n ing -> 郑怀宁,zh eng | h uai n ing -> 郑怀宁,zh eng | h uai n ing -> 郑怀宁,zh eng | h uai n ing -> 郑怀宁,zh eng | h uai n ing -> 郑怀宁,zh eng | h uai n ing -> 郑怀宁,zh eng | h uai _ an -> 郑怀安,zh eng | h uai n ing -> 郑怀宁,zh eng | h uai n ing -> 郑怀宁
4,d ao w ei | y un zh uang -> 道韦云庄,z i y e | q ing -> 子夜清,z i y e | q ing -> 子夜清,b ai l i | m ing -> 百李明,c ai | y un -> 蔡云,b ai l i | m ing -> 百李明,b ai | w an -> 百晚,b ai | l an n ing -> 百澜宁,b ai | w an -> 百晚,b ai | w an -> 百晚,b ai | w an -> 百晚,b ai | w an -> 百晚,b ai | m o y uan -> 百墨远,b ai | w an -> 百晚,b ai | w an -> 百晚
5,w en | x in -> 问辛,c ai l uan y un zh uang | r en -> 蔡鸾云庄任,c ai l uan y un zh uang | r en -> 蔡鸾云庄任,w eng | r uo y ao n ing -> 翁若姚宁,zh uang | q ing -> 庄青,w eng | r uo y ao n ing -> 翁若姚宁,d ai | q ing q iu -> 戴晴邱,d ing | q ing h e -> 丁晴贺,d ai | q ing q iu -> 戴晴邱,d ai | q ing q iu -> 戴晴邱,d ai | q ing q iu -> 戴晴邱,d ai | q ing q iu -> 戴晴邱,d ing | q ing h e -> 丁晴贺,d ai | q ing q iu -> 戴晴邱,d ai | q ing q iu -> 戴晴邱
6,sh en | w eng -> 申翁,d ai | y ao -> 戴姚,d ai | y ao -> 戴姚,sh en | w u j iu -> 申吴咎,l uo | x uan -> 罗玄,sh en | w u j iu -> 申吴咎,d uan | m ing zh ao -> 端冥昭,y uan | zh ang _ en -> 元长_en,d uan | r uo sh ui -> 端若水,d uan | m o ch en -> 端莫陈,d uan | m ing zh ao -> 端冥昭,d uan | m o ch en -> 端莫陈,y uan | y u -> 元余,d uan | m o x uan -> 端莫玄,d uan | m ing zh ao -> 端冥昭
7,m ing j ing | w ei -> 冥惊韦,d ong | l i -> 东厉,d ong | l i -> 东厉,j iang | q ing -> 蒋晴,sh en | w u j iu -> 申武咎,j iang | q ing -> 蒋晴,x ue | y an -> 雪颜,l uo | x uan y u -> 洛玄宇,x ue | y an -> 雪颜,x ue | y an -> 雪颜,x ue | y an -> 雪颜,x ue | y an -> 雪颜,x ue | y an -> 薛晏,x ue | y an -> 雪颜,x ue | y an -> 雪颜
8,h eng n ing q ing n ing h e l i | q ing x ia -> 衡宁青宁和璃晴夏,j ing n ing q ian | y ue n ing n ing h e l -> <INVALID>,j ing | w ei -> 景韦,q ian | q ing y uan -> 钱青渊,j iang | q ing -> 蒋清,q ian | q ing y ue n ing -> 钱青岳宁,j iang | y u w en -> 蒋俞文,d ong g uo | h uai y uan -> 动郭怀元,j iang | y un w ei -> 蒋韵微,j iang | y u w ei -> 蒋俞微,j iang | y un w ei -> 蒋韵微,j iang | y u w ei -> 蒋俞微,j iang | y u w ei -> 江宇韦,j iang | y u w ei -> 蒋俞微,j iang | y u w ei -> 蒋俞微
9,j ing l in | x uan -> 景林玄,b ai | q ing x ia -> 白青夏,h eng n ing q ing n ing h e l i | q ing x ia -> 衡宁晴宁赫里青夏,zh ao h ua -> <INVALID>,q ian | q ing y uan -> 钱晴辕,w ei | zh ang g eng -> 魏张庚,m o | y an -> 莫阎,t ong | x i -> 童席,m o | y an -> 莫阎,m o | y in -> 莫殷,m o | y an -> 莫阎,m o | y ue y ao -> 莫岳姚,m o | y an -> 莫炎,m o | y an -> 莫阎,m o | y an -> 莫阎
10,zh ong | sh en -> 钟沈,d ong | x i -> 东希,j ing l in | x uan -> 景临玄,h e | q ing l an w ei -> 何晴兰魏,zh ong | x iu r an -> 钟修然,l in | j ing y uan -> 林璟辕,n ie | x i -> 聂希,w u | l an n ing -> 舞岚宁,t ong | x i -> 童希,t ong | x i -> 童希,t ong | x i -> 童希,q ian | q ing y uan -> 钱晴渊,t ong | x i -> 童席,t ong | x i -> 童希,n ie | x i -> 聂希
11,x i | m o h uai y un q ing l iu _ ou -> 溪莫怀云晴柳欧,_ an | l i -> 安厉,zh ong | sh en -> 钟申,p eng | x uan -> 彭轩,g ao | l an n ing -> 高岚宁,x ie | zh i w ei -> 谢知微,w u | r uo n ing -> 无若宁,n ie | y u h ang -> 聂俞珩,w u | l an n ing -> 无兰宁,w u | z i n ing -> 无子宁,w u | z i n ing -> 无子宁,zh ao | x uan y ue -> 赵轩月,w u | l an n ing -> 舞岚宁,w u | z i n ing -> 无子宁,w u | l an n ing -> 无兰宁
12,y un q ian | r en -> 云倩任,l an | m o h uai y un q ing l iu -> 岚莫怀云晴柳,x i | m o h uai y un q ing l iu -> 西莫怀云晴刘,zh ong | l in -> 钟临,l in | x uan -> 林轩,l an n ing -> <INVALID>,n ie | y u h ang -> 聂玉珩,d ing | y ao y ue -> 丁瑶月,n ie | y u h ang -> 聂尉珩,n ie | y u h ang -> 聂玉珩,n ie | y u h ang -> 聂玉珩,g ao | l an n ing -> 高澜宁,n ie | y u h eng -> 聂俞衡,n ie | y u h eng -> 聂玉衡,n ie | y u h eng -> 聂尉衡
13,sh i q ing y uan j i j ing x in -> <INVALID>,b o h e | r en -> 卜贺人,b o h e | r en -> 卜禾任,b o | m o b ai -> 卜墨柏,zh ong l i | x i -> 钟离希,j iao | r uo -> 焦若,d ing | y an -> 丁颜,h e | q ing l an -> 贺青兰,d ing | y in -> 丁尹,d ing | y in -> 丁尹,d ing | y in -> 丁尹,l in | x uan y u -> 临轩瑜,d ing | y an -> 丁炎,d ing | y in -> 丁尹,d ing | y ao y ue -> 丁瑶月
14,x ing h eng y uan | w en -> 行衡元温,sh i q ing y uan x uan l in | x in -> 石晴渊轩临辛,sh i q ing y uan x uan l in | x in -> 时清元轩临辛,t ang | j ing x uan w ei -> 棠璟玄卫,m a | r uo l an -> 马若兰,sh i | y un w ei -> 施韵魏,x ue | r uo q ing -> 薛若晴,x i | m o h eng -> 西莫衡,x ue | r uo q ing -> 雪若晴,x ue | r uo l an -> 薛若兰,x ue | r uo q ing -> 薛若晴,l i | l an -> 李兰,x ue | r uo q ing -> 雪若晴,x ue | r uo q ing -> 薛若晴,h e | q ing l an -> 贺青兰
15,h e | z i -> 和子,y uan q u ch en d ing x uan | w en -> 远屈宸丁玄闻,y uan q u ch en d ing x uan | w en -> 辕曲陈丁轩文,c ui | r uo -> 崔若,l iu | zh i -> 刘知,h uang f u | l in -> 皇甫临,sh ang g uan | m o h eng -> 上关墨衡,zh ang | l in -> 长林,sh ang g i | m o h eng -> 上gi墨衡,sh ang g i -> <INVALID>,sh ang g i | y un -> 上gi韵,p eng | x uan y ue -> 彭玄月,sh ang g uan | m o h eng -> 上观莫衡,sh ang g uan | z i h eng -> 上关子衡,x i | m o h eng -> 西莫衡
16,j ing y uan | w ei -> 璟辕微,f u w ang | z i -> 甫王子,f u w ang | z i -> 甫王子,l u | zh ang g eng -> 芦张耿,p eng | z i _ an -> 彭子安,c ai | y uan -> 蔡元,zh ong | l in -> 钟临,b o | m o b ai -> 卜墨柏,zh ang | l in -> 章临,q ian | w an -> 倩万,q ian | w an -> 钱婉,y in | y ao g uang -> 尹遥光,zh ong | l in -> 钟林,zh ong | l in -> 钟临,zh ong | l in -> 钟林
17,y un zh ang | l i l u -> 韵张李路,j ing y uan | w ei -> 景辕卫,j ing y uan | w ei -> 璟元韦,f eng | q ing -> 冯晴,sh i | y un w ei -> 史云魏,w u j iu -> <INVALID>,b o | m o b ai -> 卜墨白,t ang | sh ou zh en -> 唐守甄,b o | m o b ai -> 卜墨白,t ian | q ing y uan -> 田晴辕,t ian | q ing y uan -> 田晴远,q ian | w an -> 钱婉,b o | m o b ai -> 卜墨柏,b o | m o b ai -> 卜墨白,b o | m o b ai -> 卜墨柏
18,zh ao w ei | q ing m ing l an -> 照韦青明兰,y un zh ang | l i -> 云章厉,y un zh ang | l i -> 韵长厉,zh ang n ing | y un ch -> <INVALID>,h uang f u | l in -> 黄傅临,zh ang n ing | y un ch e -> 长宁云澈,t ang | ch uan -> 汤川,w u | h uai j in -> 舞怀瑾,t ang | sh ou zh en -> 汤守甄,x ue | j ing x ing -> 雪景邢,x ue | j ing x ing -> 雪璟行,t ian | q ing y uan -> 田清远,t ang | sh en -> 唐深,t ang | sh ou zh en -> 汤守甄,t ang | ch uan -> 唐川
19,zh u n ing l i m ing l ong | x u -> 祝宁厉明龙许,n ing zh ao w ei | q ing m ing l an -> 宁照微晴冥兰,n ing zh ao w ei | q ing m ing l an -> 宁赵魏青明澜,j ing | w an zh ang y uan -> 景晚长元,c ai | y uan -> 蔡远,l iang | zh ao y ue h ua -> 梁昭岳华,p eng | l an w ei -> 彭澜韦,l in | x ing zh ou -> 林邢舟,w u | h uai j in -> 无怀瑾,l uo | j ing x ing -> 罗景行,l uo | j in -> 罗衿,x ue | j ing x ing -> 薛璟星,p ong | n an -> pong南,w u | h uai j in -> 吴怀靳,p eng | l an w ei -> 彭兰卫
20,g ui | ch en -> 归陈,zh u n ing l i m ing l ong | x u -> 竹宁里明龙徐,zh u n ing l i m ing l ong | x u -> 竹宁厉冥龙许,ch en l i | y un x iu w en d ao -> 尘离云岫温道,w u j iu | w an -> 吴咎婉,y uan | zh ao -> 远赵,c ong | j ing n ing -> 丛景宁,j iang | q ing zh u -> 姜青诸,l in | x ue zh u -> 临薛祝,l u | zh ang g eng -> 路章耿,j iang | q ing zh u -> 江青朱,l uo | j ing x ing -> 罗惊邢,x uan y uan | j ing n ing -> 轩远景宁,l in | x ing zh ou -> 临星周,c ong | j ing n ing -> 丛景宁
21,g u | q ing x ing -> 谷晴邢,g ui | ch en -> 归尘,g ui | ch en -> 归宸,m eng | l an zh ang _ an -> 孟兰章安,h e | z i h eng -> 河子衡,s ui | m ing -> 隋明,y uan | w u j iu -> 元武咎,g u | t ing f eng -> 谷听凤,j iang | q ing zh u -> 姜青诸,f eng | sh ou zh en -> 冯守真,g u | t ang -> 谷棠,l u | zh ang g eng -> 芦张耿,y uan | w u j iu -> 元舞咎,j iang | q ing zh u -> 蒋晴朱,y uan | w u j iu -> 元舞咎
22,y ou zh en | n in -> 游真nin,g u | q ing x ing -> 谷清行,g u | y un -> 谷云,p ei | m ing l ong -> 裴明龙,t an | y un w ei -> 谭云韦,z ou | sh ou zh en -> 邹守真,y uan | x uan -> 元轩,b o | y ue -> 卜越,g u | t ing f eng -> 谷听凤,f u | q ing n ing -> 傅青宁,j iang | zh ang n ing -> 江章宁,f eng | sh ou zh en -> 凤守甄,y uan | x uan -> 辕轩,g u | t ing f eng -> 顾听凤,y uan | x uan -> 辕轩
23,zh ong l i | l iu -> 钟离柳,y ou zh en | n ing x ue -> 尤真宁雪,k ong | q ing y ou -> 孔清游,zh ong | y un ch e -> 钟云澈,j ing | w an zh ang y uan -> 璟晚张元,c ao | p ing -> 曹平,zh un | w an zh ou -> zhun婉洲,zh eng | l ing j un -> 郑凌均,b o | y ue -> 卜越,k e | q ing y uan -> 柯晴辕,zh eng | l ing j un -> 郑令均,f u | q ing q iu -> 甫晴邱,zh un | w an zh ou -> zhun婉洲,b o | y ue -> 卜岳,zh u | w an zh ou -> 朱婉舟
24,d ao | q ing y un -> 道清云,x uan zh ou | h uang -> 玄周黄,zh en | n ing x ue -> 真宁雪,ch en | g ui y un -> 尘归韵,ch en | zh ao -> 宸赵,m a | g ui zh ou -> 马桂周,t ie | q ing l ou -> tie晴lou,f ang | l in -> 方林,zh eng | l ing j un -> 郑凌均,y ao | j ing m ing -> 遥璟冥,f ang | l in -> 方林,k e | q ing y uan -> 柯清元,t ang | q ing l an -> 汤青兰,zh eng | l ing j un -> 郑令均,t ang | q ing l an -> 汤清兰
25,j iang | h eng -> 江衡,l an g ui | j ing x iu -> 澜归景岫,x uan zh ou | h uang -> 轩周皇,f eng | x ing zh ou -> 冯行洲,s ui | m ing -> 隋明,b i | w en -> 毕问,l ei | y un l an -> 雷韵澜,ch eng | l an -> 成澜,f ang | l in -> 方林,zh ao | zh ang m ing -> 赵长冥,ch eng | l an -> 成澜,y ao | j ing h ong -> 摇惊鸿,l ei | y un l an -> 雷韵岚,f ang | l in -> 方临,l ei | y un l an -> 雷韵澜
26,ch en | t ing -> 宸听,l i q iu | t ing -> 璃邱听,l an g u | j ing x iu -> 岚顾璟岫,y u l i | x ue -> 玉厉薛,z ou | sh ou zh en -> 邹守甄,f an | y un -> 樊云,ch eng | q ing -> 成青,zh ao | zh ang m ing -> 赵长明,ch eng | l an -> 成澜,l u | zh ao h ua -> 芦照华,zh ao | zh ang m ing -> 照张冥,zh ao | g ui ch en -> 赵归陈,ch eng | l an -> 承兰,ch eng | l an -> 程澜,ch eng | l an -> 成岚
27,j ia | z i q ing x ue -> 贾子晴薛,j ia | l ing q iu -> 贾令邱,l i q ing | zh ao -> 离青照,x uan y uan | sh ao w ei -> 轩远少魏,c ao | p ing -> 曹平,x iao | q ing y ue -> 萧清越,zh ao | zh ang m ing -> 赵张明,l u | zh ao h ang -> 卢昭珩,zh ao | zh ang m ing -> 赵长明,m u s ong | m ing y uan -> 慕宋明袁,l u | zh ao h ua -> 陆昭华,l u | zh ao h ua -> 卢昭华,zh ao | g ui ch en -> 赵桂宸,zh ao | g ui ch en -> 昭归陈,zh ao | zh ang m ing -> 赵张明
28,p an | m ao y in -> 潘毛殷,x ue q i | y an -> 薛起阎,j ia | l ing q iu -> 贾凌邱,zh eng | zh ang -> 郑长,m a | g ui zh ou -> 马归洲,zh en | x uan y uan -> 真轩远,l u | zh ao h ua -> 芦昭华,m u | q ing m ing -> 慕清明,l u | zh ao h ua -> 卢昭华,zh u | b ao p u -> 朱薄朴,m u | q ing m ing -> 慕晴明,m u s un | m ing y uan -> 慕孙明袁,l u | zh ao h ua -> 卢赵华,l u | zh ao h ua -> 路照华,l u | zh ao h ua -> 芦昭华
29,sh ou | q ing -> 守清,l an y uan y u | zh ang g u n ing -> 兰辕宇章谷宁,x ue q i | y an -> 雪祁晏,x u | l i -> 许立,b i | w en -> 毕温,sh ang g eng | q ing y un -> 上耿清云,m u | q ing m ing -> 牧清冥,k ong | r uo n ing -> 孔若宁,m u | q ing m ing -> 慕清明,m a | g ui zh ou -> 马归周,k ong | m ing w ei -> 空明魏,zh u | b ei -> 竹北,m u | q ing m ing -> 牧清明,m u | q ing m ing -> 慕清明,m u | q ing m ing -> 牧清冥
30,x iao | j in -> 霄瑾,d ong s i m o t ang | h e -> 动司墨唐和,l an y uan y u | zh ang g u n ing -> 兰辕宇张谷宁,y ue n ing -> <INVALID>,f an | y un -> 樊云,j iang | j ing h e -> 姜璟赫,k ong | m ing w ei -> 空明微,l iao | t ing y un -> 廖听韵,k ong | m ing w ei -> 孔明微,b i | w en d ao -> 毕闻道,l iao | y ao g uang -> 廖瑶光,l iao | y ao g uang -> 廖摇光,k ong | m ing w ei -> 空冥微,k ong | r uan -> 孔阮,k ong | m ing w ei -> 空明微
31,l an | m o t ang -> 岚莫唐,q ing h an g e | q ing x iong -> 晴涵葛晴熊,d ong s i m o t ang | h e -> 董司莫唐和,m ao | r uo sh ui -> 毛若水,x iao | q ing y ue -> 萧清月,w ang | w an -> 王婉,l iao | t ing y un -> 廖听云,h ong | m o w ei -> 鸿墨卫,l iao | y ao g uang -> 廖摇光,g u | y un h eng -> 谷韵衡,h ong | m o w ei -> 洪墨微,h ong | m ing w ei -> 鸿明卫,l iao | t ing y un -> 廖听云,g e | x ue t ang -> 葛雪汤,l iao | y ao g uang -> 廖遥光
32,ch eng | j ing x uan -> 承景轩,zh en | l ong g ui n i -> 真龙桂倪,q ing h an g e | q ing x iong -> 清韩葛晴熊,d ing | x uan y u -> 丁轩于,zh en | x uan y uan -> 甄轩元,ch eng | z i q ing x ue -> 成子晴雪,h ong | m o w ei -> 鸿莫韦,f an | y un x iu -> 范韵岫,h ong | m o w ei -> 鸿墨卫,x u | y un ch u -> 许云初,f an | y un x iu -> 樊云修,f an | y un x iu -> 范韵岫,h ong | m o w ei -> 鸿墨卫,x iao | x uan m ing -> 霄轩明,h ong | m o w ei -> 鸿莫韦
33,w ei | q ing x iong -> 微晴熊,b ei | r uo -> 北若,zh en | r uo y un -> 甄若云,n iu | x iu w en d ao -> 牛岫问道,sh ang g eng | q ing y un -> 上耿清韵,p an | m ing y in -> 潘冥尹,f an | y un x iu -> 樊云岫,k a | q ing y ang -> ka晴杨,f an | y un x iu -> 范韵岫,l i | x ue -> 厉薛,k i | q ing y ang -> ki清恙,k ang | q ing y ang -> 康清杨,f an | y un x iu -> 范云修,b i | m ing y uan -> 毕冥元,f an | y un ch e -> 樊云澈
34,zh en | r uo y un -> 真若韵,l i _ an | q ing h an -> 璃安晴韩,s un sh en | r uo x ue n i -> 孙沈若薛倪,w u ch en | j ing x uan w ei -> 武宸景轩韦,j iang | j ing h e -> 江惊河,sh en | q ing -> 沈青,k i | q ing y ang -> ki晴杨,zh e | n an -> zhe南,k ang | q ing y ang -> 康清杨,x uan y uan | sh ao w ei -> 轩渊邵微,zh en | n an -> 真南,zh en | y in -> 甄殷,k i | q ing y an -> ki晴炎,x iao | t ing q ing -> 霄听青,k ang | q ing y ue -> 康青岳
35,s un sh en | r uo x ue n ing -> 孙深若雪宁,z i y ou | x iao -> 子尤萧,ch eng | h an -> 承含,h uang | g ui -> 黄归,w ang | w an -> 王婉,x u | g ui n ing -> 徐桂宁,zh en | n in -> 真nin,zh ong l i | zh ou -> 钟厉洲,zh en | n an -> 甄南,zh eng | zh ang g e -> 郑张葛,zh ong l i | zh ou -> 钟立周,zh ong l i | zh ou -> 钟璃洲,zh en | n in -> 真nin,d i | z i n ing -> 翟子宁,zh en | n an -> 真南
36,ch eng | h an -> 承含,b ai | zh ong -> 白钟,z i y u | ch eng -> 子余成,sh en | y ue -> 深越,ch eng | z i q ing x ue -> 成子清薛,d ong | n ing -> 东宁,zh ong l i | zh ou -> 钟立周,h uang | l an n ing -> 皇兰宁,zh ong l i | zh ou -> 钟璃洲,h uang | ch u -> 皇初,h uang | l an n ing -> 皇兰宁,h uang | l an n ing -> 黄澜宁,zh ong l i | zh ou -> 钟里舟,zh ong l i | w en d ao -> 钟里问道,zh ong l i | zh ou -> 钟厉洲
37,z i y u | ch eng -> 子宇成,l an | x uan -> 兰玄,x iao | g ui zh ong -> 萧桂钟,h u | l an y ue -> 狐澜越,p an | m ing y in -> 潘冥尹,t ang | h e -> 棠赫,h uang | l an n ing -> 皇澜宁,d ing | h uai j in -> 丁怀瑾,h uang | l an n ing -> 黄澜宁,l an | y ao g uang -> 澜遥光,d ing | h uan -> 丁欢,d ing | h uai j in -> 丁怀金,h uang | l an n ing -> 皇澜宁,l i | g ui ch en -> 李归宸,h uang | l an w ei -> 皇兰韦
38,x iao | g ui zh ong -> 萧归钟,y in | y u -> 殷宇,l an | x uan -> 兰玄,s un | x iu r an -> 孙岫然,sh en | q ing -> 申青,q i | w u -> 齐武,d ing | h uai j in -> 丁怀金,y ue | t ing y u -> 越听宇,d ing | h uai j in -> 丁怀金,z eng | x uan m ing -> 曾玄明,c ao | q ing t ang -> 曹清棠,y u | t ing y u -> 余听羽,d ing | h uai j in -> 丁怀金,x u | l i -> 徐离,d ing | h uai j in -> 丁怀瑾
39,l an | x uan -> 澜轩,x ue n ing j in | z i -> 薛宁瑾子,y in | y u -> 尹玉,l i | x ing -> 黎星,x u | g ui n ing -> 许归宁,g uo | m o b ai -> 郭墨白,y u | zh ao -> 雨昭,m a | q iu -> 马邱,y u | t ing y u -> 余听羽,zh eng | y an -> 郑言,j ia | l ing q iu -> 贾凌邱,m a | q ing x uan -> 马清玄,y ue | t ing y u -> 月听玉,y ue | t ing y u -> 越听瑜,y ue | t ing y u -> 越听宇
40,y in | y u -> 音玉,j i | y in -> 霁音,x ue n ing j in | z i -> 薛宁金子,zh ang s un | x i -> 长孙溪,d ong | n ing -> 动宁,s u | r uo l an y ue -> 素若兰月,j ia | l ing y un -> 贾令韵,x u | t ing l an -> 许听岚,m a | q iu -> 马秋,l uo | q ing y u -> 洛青玉,x u | t ing l an -> 许听澜,ch ang | l ing y in -> 常灵尹,y an | q iu -> 颜邱,m a | q ing x uan -> 马青轩,m a | q ing x uan -> 马青玄
41,x ue n ing j in | z i w ei -> 雪宁衿子卫,zh eng | r an -> 郑然,j i | y in -> 霁音,k ang | m ing -> 康明,t ang | h e -> 唐贺,s iu | zh ang s un -> siu章孙,x u | t ing l an -> 许听岚,y in | sh ou zh en -> 音守甄,x u | t ing l an -> 许听澜,t ang | y un j i -> 唐云纪,y in | sh ou zh en -> 尹守甄,l uo | q ing y u -> 罗清宇,x u | t ing l an -> 许听岚,ch ang | l ing y in -> 常灵音,ch ang | l ing y in -> 常凌音
42,x iong | x iao -> 熊萧,y an zh ang | w u -> 言张吴,zh eng | r an -> 郑然,h uang f u | y ao -> 黄傅瑶,q i | w u -> 祁武,x ia | w u x iao -> 夏舞萧,y in | sh ou zh en -> 音守真,zh u | y un -> 竹云,y in | sh ou zh en -> 尹守甄,l in | m o t an -> 临墨覃,zh u | y un y uan -> 竹韵袁,t ang | y un j i -> 汤云纪,y in | sh ou zh en -> 音守真,l uo | q ing y u -> 罗清尉,l uo | q ing y u -> 罗清雨
43,k ong | r an -> 孔然,j ing y un y un ch en | x i -> 璟云韵宸西,y an zh ang | w u -> 阎长吴,zh ong | m ing -> 钟明,g uo | m o b ai -> 郭莫百,c ao | g ui zh ou -> 曹归周,zh u | y un -> 朱云,n iu | x ing zh ou -> 牛行洲,zh u | y un -> 朱云,ch eng | j ing x ing -> 承景邢,_ u | z i m o -> _u子莫,l u | m o b ai -> 路墨百,zh u | y un -> 朱云,t ang | y un j i -> 汤云霁,t ang | y un j i -> 唐云霁
44,y an zh ang | w u -> 炎长武,d u | l iang -> 杜梁,j ing y un y un ch en | x i -> 璟韵云宸西,h uang | z i h eng -> 皇子衡,s u | r uo l an y ue -> 苏若澜越,l u | x uan q ing h e -> 卢玄晴贺,n iu | x ing zh ou -> 牛邢洲,w ei | ch eng y ing -> 魏成影,n iu | x ing zh ou -> 牛星洲,w ang | m o h eng -> 汪墨衡,w u | y un j i -> 吴云霁,ch eng | j ing x ing -> 承惊行,n iu | x ing zh ou -> 牛邢洲,l in | m o b ai -> 临墨柏,l in | m o b ai -> 临墨柏
45,j iang | j ing y un ch en -> 姜景云宸,j un ch u x uan y ao | y un ch eng -> 均楚轩姚韵承,d u | l iang -> 杜梁,y i | j ing n ing -> 易景宁,s un | l an -> 孙澜,t ian | r uo y un -> 田若云,w ei | ch eng y ing -> 微成影,l iu | w an q ing -> 刘晚青,w ei | ch eng y ing -> 韦承影,sh en | y ue -> 深岳,y u w en | g ui h ong -> 雨文归鸿,w ang | m o h eng -> 汪墨衡,w ei | ch eng y ing -> 微成影,ch eng | j ing h ong -> 成景洪,ch eng | j ing h ong -> 成景洪
46,m a | x i -> 马席,l ing h uang | g e -> 灵皇葛,j un ch u x uan y ao | y un ch eng -> 均初轩遥云承,h ao | y un w ei -> 郝云微,g uan l an n ing | zh ang s un -> 观澜宁张孙,zh an | m o b ai -> 詹墨百,l iu | w an q ing -> 柳晚晴,y u | q ing y uan -> 宇清元,l iu | w an q ing -> 柳晚清,h u | r uo y un -> 胡若云,sh en | y ue -> 深越,sh en | y ue -> 深越,l iu | w an q ing -> 柳晚晴,w ang | m o h an -> 汪莫含,w ang | m o h eng -> 汪莫衡
47,d u | l iang -> 杜梁,zh ang | zh ao -> 张昭,l ing h uang | g e -> 令黄葛,y u h eng -> <INVALID>,x ia | h uai _ an -> 夏怀安,j i | w an -> 霁万,y u | q ing y uan -> 雨晴元,g uo | q ing c i -> 郭清辞,y u | q ing y uan -> 宇青袁,s iu | l an zh ou -> siu澜洲,h u | r uo y un -> 胡若韵,h u | l an y ue -> 胡岚月,y u | q ing y uan -> 雨晴元,sh en | y ue -> 深越,sh en | y ue -> 深越
48,j un ch u x uan y ao | y un ch eng -> 均初玄瑶韵承,zh ou y uan | x ie -> 周渊谢,zh ang | zh ao -> 章照,j iang | w u y i -> 蒋无易,c ui | g ui zh ou -> 崔归洲,y an | l in -> 晏临,g uo | q ing c i -> 郭青辞,d ing | zh i b ai -> 丁执白,g uo | r uo l an -> 郭若兰,l i | x ing zh ou -> 立行舟,s iu | l an zh ou -> siu澜舟,s un | x iu r an -> 孙修然,g uo | r uo _ an -> 郭若安,h u | l an y ue -> 胡澜月,h u | l an y ue -> 胡澜月
49,l ing h uang | g e -> 凌皇歌,l in | zh eng -> 林郑,zh ou y uan | x ie -> 舟远谢,zh u | t ang -> 朱汤,l u | x uan q ing h e -> 路玄清禾,j iang | zh ou -> 江洲,d in | zh i b ai -> din执白,g uan | b ao p u -> 观抱朴,d ing | zh i b ai -> 丁知百,ch eng | x i -> 承西,l i | x ing zh ou -> 璃行洲,l i | y ue q ing -> 厉月青,d ing | zh i b ai -> 丁知白,s un | x iu r an -> 孙岫然,s un | x iu r an -> 孙岫然
50,zh ang | zh ao -> 张昭,q ing h eng x ue b ai | t ing -> 晴衡雪柏听,l in | zh eng -> 临郑,s un | zh ang g e -> 孙张葛,t ian | r uo y un -> 田若云,b ao | x ing -> 鲍行,g uan | b ao p u -> 观抱朴,zh ang s un | x uan zh en -> 张孙轩甄,g uan | b ao p u -> 观鲍朴,k ang | sh en -> 康申,ch eng | x uan zh en -> 成玄甄,ch eng | x uan zh en -> 承玄甄,g uan | b ao p u -> 观鲍朴,l i | x ing zh ou -> 立行周,l i | y ue q ing -> 立月晴
51,zh ou | zh uang -> 周庄,n ing y u | zh ang -> 宁余长,q ing h eng x ue b ai | t ing -> 青衡薛柏听,x ia | y un -> 夏云,zh an | m o b ai -> 詹墨柏,x ia h ou | z i h an -> 夏侯子含,zh ang s un | x uan zh en -> 长孙轩甄,l iu | q ing x i -> 柳清席,zh ang s un | x uan zh en -> 张孙轩真,h uang f u | y ao q ing -> 皇甫瑶青,l iu | l an q ing -> 柳兰清,l iu | q ing x i -> 刘青曦,zh ang s un | x i -> 张孙曦,ch eng | x uan zh en -> 承轩甄,ch eng | x uan zh en -> 承轩甄
52,l i | l i -> 璃离,d ong | q ing j ing -> 东晴惊,y un | z i -> 韵子,l u | ch eng y uan -> 卢承辕,j i | w an -> 季婉,t ang | y un w ei -> 汤云卫,l iu | y u ch en -> 柳玉宸,zh ong l i | l an n ing -> 钟里澜宁,l iu | q ing x i -> 柳清希,x ue | y ao g uang -> 雪遥光,zh ong l i | x uan m ing -> 钟李玄明,zh ong l i | l an n ing -> 钟离兰宁,k ang | m ing ch uan -> 康明川,l iu | q ing x i -> 刘清溪,l iu | q ing x i -> 刘清溪
53,zh eng l i | l an -> 郑璃澜,x iu | m ing h an -> 修冥韩,q ing x uan | y un w en -> 清玄韵文,h ao | h ang -> 郝珩,y an | l in -> 晏林,j in | y un zh u -> 瑾韵朱,zh ong l i | l an n ing -> 钟厉澜宁,h uang | z i h eng -> 皇子衡,zh ong l i | x uan m ing -> 钟离玄冥,s ong | t ing x ue -> 宋听薛,h uang | z e -> 皇泽,h uang | t ing x ue -> 黄听薛,g ui | y ao q ing -> 桂瑶青,zh ong l i | l an n ing -> 钟立岚宁,zh ong l i | x uan m ing -> 钟立轩冥
54,w ei | y ao -> 韦姚,d uan | y uan -> 端渊,zh en | sh ui y an -> 真水炎,h e | zh ao -> 禾昭,j iang | zh ou -> 姜洲,s un | l ing h e -> 孙灵贺,h uang | z i h eng -> 黄子衡,y i | zh i -> 衣知,h uang | t ing x ue -> 黄听薛,j in | ch eng n ing -> 衿承宁,s ong | q ing h e -> 宋清禾,y i | zh i q iu -> 易执邱,x ue | y ao y in -> 雪遥音,h uang | z i h eng -> 皇子衡,h uang | z i q ing -> 皇子清
55,m in | q ing h ang -> 闵晴珩,r uo | l an -> 若兰,c ong | z i h uai j iang -> 丛子怀蒋,zh ou | zh ang -> 周章,b ao | x ing -> 抱邢,h u | q ing c i -> 狐青辞,y i | zh i q iu -> 衣执邱,d u | y ao n ing -> 杜姚宁,y i | zh i q iu -> 衣知秋,y in | y un y uan -> 音云渊,d u | y ao n ing -> 杜姚宁,n iu | r uo x i -> 牛若溪,s ong | y u q ing -> 宋瑜青,y i | zh ao -> 衣昭,y i | zh ao y e -> 衣昭叶
56,q ing x uan | y un w en -> 晴玄云温,h uai j iang | q ing -> 怀江青,j ing h u | q ing m o h u -> 惊狐晴莫胡,l i | q ing h e -> 离晴和,x ia h ou | y ue -> 夏侯岳,x iao | zh i y uan -> 萧知元,n iu | r uo _ an -> 牛若安,d ong | y un zh i -> 动云知,n iu | r uo _ an -> 牛若安,y un | l ing y ue -> 云凌岳,d ong | y un zh i -> 东云知,x iao | zh ao -> 萧照,j in | ch eng n ing -> 衿承宁,d u | y ao n ing -> 杜摇宁,n iu | r uo _ an -> 牛若安
57,zh en | sh ui y an -> 真水颜,zh ang | q ing m o h u -> 章晴莫胡,m ing h uai j iang | m u ch e -> 冥怀江慕澈,z ou | ch uan -> 邹川,s u | t ing x ue n ing -> 苏听薛宁,x ie | l in -> 谢临,x iao | zh ao -> 萧照,r en | y an -> 任颜,x iao | zh ao -> 霄照,m uan | w u y ang -> muan舞阳,r en | y an -> 人晏,r en | y un j i -> 任云季,y in | y un y uan -> 音云渊,d ong | y un zh i -> 东韵执,x iao | zh ao y uan -> 霄照渊
58,c ong | z i h uai j iang -> 丛子怀姜,m ing h uai j iang | m u ch e -> 明怀江牧澈,w ei | r an -> 微然,x ue zh u | y ao -> 薛诸摇,j i | ch eng _ an -> 纪承安,h e | l an -> 赫澜,r en | y an -> 任颜,m eng | w u y ang -> 孟无杨,r en | y an -> 人晏,d ong | y un ch e -> 动云澈,m eng | w u y ang -> 孟舞阳,s ong | y uan -> 宋远,y un | l ing y ue -> 云凌岳,r en | y an -> 任颜,l iu | j ing -> 柳璟
59,j ing h u z e | x ing -> 璟胡泽邢,w ei | r an -> 微然,m u ch uan y uan y an w en | y u -> 木川袁言闻俞,m in | q ing h uan -> 闵晴欢,y u | y un ch e -> 雨韵澈,z eng | zh ang -> 曾长,m eng | w u y ang -> 孟无杨,d ong | y un ch e -> 动韵澈,m eng | w u y ang -> 孟无扬,m a | j ing h e -> 马景何,d ong | y un ch e -> 东韵澈,d ong | y un ch e -> 动韵澈,m eng | w u y ang -> 孟无阳,m eng | w u y ang -> 孟吴阳,s ong | y uan -> 宋远
60,d u | m ing h uai j iang -> 杜冥怀江,m u ch uan y uan y an w en | y u -> 牧川渊严问瑜,w en | q ing -> 温晴,q iao | x uan y in -> 乔玄音,l ing h e | h ang -> 令河珩,_ ou y ang | q ing h uan -> 欧杨晴欢,d ong | y un ch e -> 东韵澈,m a | x ue t ang -> 马雪唐,d ong | t ing f eng -> 东听凤,s un | l an q ing -> 孙澜晴,m a | x ue -> 马雪,m a | x iu -> 马岫,d ong | y un ch e -> 董云澈,d ong | y un ch e -> 董韵澈,d ong | y un ch e -> 动云澈
61,g u ch e | r uo -> 顾澈若,w en | q ing -> 闻晴,t ang | m en -> 汤门,sh u | y un w ei -> 书韵微,h e | zh ao -> 贺照,q iao | x uan y in -> 乔玄音,m a | x ue t ang -> 马雪汤,s un | l uan -> 孙鸾,m a | x ue t ang -> 马薛棠,x ia y uan | q ing y ue -> 夏袁清岳,d u | l ing j un -> 杜令均,d u | l ing j un -> 杜令均,m a | x ue -> 马薛,m a | x ue t ang -> 马薛汤,m a | x ue t ang -> 马薛唐
62,sh i h an zh ao | y uan -> 施涵照辕,t ang | m en -> 棠门,j ing h eng | q i y ao g ui g ao -> 景衡齐摇归高,zh en | y u -> 真余,zh ou | q ing x iao -> 洲清萧,sh u | y un w ei -> 舒云韦,s un | l an w ei -> 孙澜韦,ch u | y u x iao -> 初瑜霄,s un | l an w ei -> 孙澜微,h ong l ian | q ing h eng -> 洪连晴衡,ch u | w u y a -> 楚武涯,ch u | p ing -> 初平,d u | l ing j uan -> 杜令juan,s un | l an w ei -> 孙澜卫,s un | l an w ei -> 孙兰魏
63,y an t ang g ong l ing w en | q ing -> 颜棠龚令闻晴,j ing h eng | q i y ao g ui g ao -> 璟衡齐瑶归高,y ue zh ao h uan | y ue -> 岳昭欢越,r en | l an -> 任岚,l in | zh ang l i -> 临章厉,zh en | y u -> 真宇,x ia | y un q i -> 夏云齐,l u | ch eng y uan -> 芦承元,x ia | y un q i -> 夏云起,h e l ian | q ing y ang -> 河连清扬,l u | ch eng y uan -> 鲁成渊,y u | y un ch e -> 于云澈,ch u | p ing y un -> 初平云,x ia | y un q i -> 夏韵齐,x ia | y un q i -> 夏韵齐
64,t ang | m en -> 棠门,y ue zh ang n ing | y ue -> 越章宁月,w ei | t ao -> 魏陶,h uang | z i j in -> 皇子金,z eng | zh ang -> 曾长,r en | l an -> 人兰,y e | zh i m ing -> 夜知明,h ao | h ang -> 郝珩,y e | zh i m ing -> 叶执明,j iang | j ing h e -> 蒋璟和,h ao | h ang -> 郝珩,l ing h u | h ang -> 凌胡珩,l u | ch eng y uan -> 陆成渊,y e | zh i m ing -> 夜执冥,y e | zh i m ing -> 夜执冥
65,y e | c ao p an -> 夜曹潘,w ei | t ao -> 魏陶,sh u | r en -> 书任,zh u | q ing m ing w ei -> 祝晴冥魏,_ ou y ang | q ing h uan -> 欧阳清欢,h uang | z i j in -> 黄子靳,f an | g ui y ue -> 范桂越,h e l ian | q ing y ang -> 贺连青扬,f an | g ui y ue -> 樊桂岳,l u | l an n ing -> 芦兰宁,h e l ian | q ing y ang -> 河连晴杨,h e l ian | q ing y ang -> 贺连晴杨,h e | h ang -> 赫珩,f an | g ui y ue -> 樊归岳,f an | g ui y ue -> 范桂月
66,ch en | q ing zh u -> 宸清诸,sh u | r en -> 书人,s un q ing | y ang -> 孙青杨,m a | ch eng -> 马程,q iang eng | m ing w ei -> <INVALID>,zh u | q ing m ing w ei -> 祝晴冥韦,c ai | y ao q ing -> 蔡姚青,j iang | j ing h e -> 江惊禾,c ai | y ao q ing -> 蔡姚晴,ch eng | x ue -> 成薛,j iang | j ing h e -> 江惊河,j iang | j ing h e -> 姜景河,h e l ian | q ing y ang -> 贺连青杨,c ai | y ao q ing -> 蔡姚晴,c ai | y ao q ing -> 蔡摇晴
67,sh en r en | ch eng -> 深任承,s un q ing | y ang -> 孙青恙,f ei | q i n ing zh i q ing x i m ing -> 飞起宁执清希明,d ai | ch e -> 戴澈,z ou | f u -> 邹甫,m a | t ang -> 马汤,zh uang | h uai _ an -> 庄怀安,l u | l an zh ou q iu -> 卢岚舟邱,zh uang | h uai _ an -> 庄怀安,zh ong | y ao -> 钟遥,l u | l an w ei -> 芦澜微,l u | y ao h ua -> 芦姚华,j iang | j ing h e -> 姜璟贺,zh uang | h uai _ an -> 庄怀安,zh uang | h uai _ an -> 庄怀安
68,g uan y u y an | r en d i y un y un -> 官羽颜人翟韵韵,f ei | q i n ing zh i q ing x i m ing -> 费祁宁知青溪冥,f an zh ou | g u -> 樊洲顾,w ei | r an -> 微然,h an | x uan -> 涵轩,d ai | ch e -> 戴澈,h e | z i q ing -> 河子青,l an | w u j iu -> 兰武咎,h e | z i q ing -> 贺子晴,m in | q ing h uan -> 闵青欢,ch eng | x ue -> 程雪,ch eng | x ue -> 成雪,l u | l ing y ue -> 鲁凌越,h e | z i q ing -> 禾子青,h e | z i q ing -> 赫子清
69,q ing | y ang -> 晴扬,f an zh ou | g u -> 范周谷,f u | zh ou -> 甫舟,m u | x uan -> 牧玄,ch u | ch uan -> 初川,w ei | r an -> 微然,l an | w u j iu -> 兰吴咎,zh an | y u q ing -> 詹羽晴,l an | w u j iu -> 澜吴咎,q iang | x uan y ue -> qiang轩越,zh ong | y ao -> 钟瑶,zh ong | y ao -> 钟摇,ch eng | x ue -> 承薛,l an | w u j iu -> 兰武咎,l an | w u j iu -> 澜舞咎
70,f ei | q i n ing zh i q ing x i m ing -> 费起宁执晴溪冥,f u | zh ou -> 傅舟,t ang | y ao -> 棠瑶,l u | q ing t ang -> 陆青汤,j in | z e -> 衿泽,m u | x uan -> 木玄,zh an | y u q ing -> 詹雨青,l iang | r uo x i -> 梁若西,zh an | w u ch en -> 詹无陈,sh u | y un w ei -> 舒韵卫,m in | q ing h uan -> 闵清欢,m in | q ing h uan -> 闵晴欢,zh ong | y ao -> 钟姚,zh an | z i q ing -> 詹子青,zh an | y u q ing -> 詹瑜晴
71,f an zh ou | g u -> 范周谷,b ai | y ao -> 百姚,t ong | x ue -> 童雪,f u | w en -> 扶问,x u | z i q ing -> 徐子青,l u | q ing t ang -> 芦晴唐,l iang | l an w ei -> 梁兰韦,w u | z i y uan -> 无子袁,l iang | r uo x i -> 梁若曦,zh en | r uo y un -> 真若云,q iang | x uan y ue -> qiang轩岳,q iang | x uan y in -> qiang玄尹,m in | q ing h uan -> 闵清欢,l iang | l an w ei -> 梁兰微,l iang | l an w ei -> 梁兰韦
72,f u | zh ou q ing -> 傅舟青,t ong | x ue -> 童雪,w en | l u -> 文路,d ing | y in -> 丁尹,h u | y un sh u -> 胡韵舒,f u | w en -> 甫问,w u | z i y uan -> 武子辕,l an | sh ao b ai -> 澜少柏,w u | z i y uan -> 舞子渊,r en | l an y ue -> 任兰岳,sh u | y un w ei -> 书韵魏,sh u | y un w ei -> 舒韵魏,q iang | x uan q ing -> qiang轩晴,w u | z i y uan -> 吴子辕,w u | z i y uan -> 舞子远
73,y ao y an t ing w en | l u -> 姚阎听温卢,w en | l u -> 温卢,j ing h eng | y e -> 璟衡叶,m eng | y u h eng -> 孟羽衡,w ang | r uo x i -> 汪若席,d uan m u | t ing x i -> 端牧听席,l an | sh ao b ai -> 岚邵柏,y an | x uan y u -> 阎轩羽,l an | sh ao b ai -> 兰邵柏,d uan | q ing q iu -> 端清秋,zh en | zh ou -> 真舟,zh en | r uo y un -> 甄若韵,sh u | y un w ei -> 书韵魏,l an | sh ao b ai -> 澜少白,l an | sh ao b ai -> 澜少柏
74,j ing h eng | y e -> 璟衡叶,j ing h eng | y e -> 璟衡叶,d ing y u | g eng n ing y uan -> 丁雨庚宁袁,p an | ch u -> 潘楚,h an zh ang | y ao -> 涵张姚,z eng | h ang -> 曾珩,y an | x uan y u -> 晏玄雨,h uang | z i j in -> 黄子靳,y an | x ing l in -> 颜行临,z eng | x ing zh ou -> 曾星周,y an | x uan y u -> 颜轩宇,r en | l an y ue -> 人兰越,zh en | zh i y uan -> 真执渊,y an | j ing m ing -> 颜惊冥,y an | x uan y u -> 严玄雨
75,d ing y u | g eng n ing y uan -> 丁羽庚宁远,d ing y u | g eng n ing y uan -> 丁羽庚宁远,x u | zh ang -> 许章,g ao | y un -> 高韵,y an | l ing w ei -> 炎令魏,d ing | x uan zh en -> 丁轩真,h uang | z i j in -> 皇子衿,zh u g e | x ing zh ou -> 朱葛星洲,h uang | z i j in -> 皇子金,b o | h uai j in -> 卜怀靳,h uang | z i j in -> 黄子金,d uan | q ing q iu -> 段清邱,r en | l an y ue -> 任澜越,h uang | z i j in -> 皇子靳,h uang | z i j in -> 黄子靳
76,x u | zh ang -> 许长,x u | zh ang -> 许长,g ao | q iu r uo x ing -> 高秋若星,y uan | y ue -> 袁月,d uan m u | t ing x i -> 段慕听西,zh u | sh ao b ai -> 祝少白,zh u g e | x ing zh ou -> 竹歌星周,b o | h uai j in -> 卜怀靳,zh u g e | x ing zh ou -> 竹歌邢舟,g u | w an t ang -> 顾婉汤,zh u g e | x ing zh ou -> 竹葛行周,z eng | x ing zh ou -> 曾邢周,d uan | q ing q iu -> 端晴邱,zh u g e | x ing zh ou -> 祝葛行舟,zh u g e | x ing zh ou -> 祝葛星周
77,g uan | r uo -> 观若,g ao | q iu -> 高秋,j iang | y un h ang -> 蒋云珩,ch en | l an -> 陈兰,z eng | h ang -> 曾珩,d ong g uo | w u ch en -> 动郭武陈,b o | h uai j in -> 卜怀靳,g u | w an t ang -> 顾婉汤,b o | h uai j in -> 卜怀靳,t ian | h an zh ang -> 田韩章,b o | h uai j in -> 卜怀靳,b o | h uai j in -> 卜怀靳,z eng | x uan zh en -> 曾玄甄,b o | h uai j in -> 卜怀衿,b o | h uai j in -> 卜怀衿
78,x iao | r en -> 萧任,m o x uan | q iao -> 墨玄乔,j iu | x iao -> 咎霄,ch u | r uo q ing y uan -> 初若晴元,d ing | x uan zh en -> 丁玄甄,t ao | r uo q ing y uan -> 陶若晴渊,g u | w an t ang -> 顾婉汤,t ian | h an zh ang -> 田含章,g u | w an t ang -> 顾万棠,y uan | y an -> 远严,g u | w an t ang -> 谷万汤,g u | w an t ang -> 谷万汤,b o | h uai j in -> 卜怀靳,g u | w an t ang -> 顾婉棠,g u | w an t ang -> 顾晚棠
79,y un j iu | zh i w ei -> 云咎执魏,zh i w ei | l i -> 执韦立,zh ang | l i -> 长璃,y ang | zh i y uan -> 恙知渊,zh u | sh ao b ai -> 竹邵百,y ang | zh i y uan -> 恙执远,t ian | h an zh ang -> 田韩章,y uan | y an -> 辕严,t ian | h an zh ang -> 田寒长,w en r en | l ing w ei -> 闻人令卫,t ian | h an zh ang -> 田含长,t ian | h an zh ang -> 田寒张,g u | w an t ang -> 谷万汤,t ian | h an zh ang -> 田含章,t ian | h an zh ang -> 田寒张
80,g ui l i q ing h ong | x ing -> 归里青鸿行,t ang | g uan x ing -> 唐观星,t ang | g uan x ing -> 唐关行,f ei | w u sh uang -> 飞吴双,d ong g uo | w u ch en -> 动郭吴尘,f ei | w u sh uang -> 飞舞双,y uan | y an -> 远严,w en r en | l ing w ei -> 温任凌魏,y uan | y an -> 元颜,d ing | y in -> 丁音,y uan | y an -> 渊晏,y uan | y u -> 渊尉,t ian | h an zh ang -> 田含长,y uan | y an -> 辕严,y uan | y an -> 渊炎
81,x ia | g an -> 夏甘,x ia | g an -> 夏甘,x ia | g an -> 夏甘,l i | y u h eng -> 里宇衡,t ao | r uo q ing y uan -> 陶若清渊,l i | y u h eng -> 李俞衡,w en r en | l ing w ei -> 闻人令卫,d ing | y un sh en -> 丁云深,w en r en | l ing w ei -> 文任灵卫,m eng | y u h eng -> 孟瑜衡,w en r en | l ing w ei -> 问任凌卫,w en r en | l ing w ei -> 文任凌韦,y uan | y an -> 渊晏,w en r en | b ao p u -> 温任包朴,w en r en | l ing w ei -> 文任凌韦
82,g u | q ing y an -> 谷青言,g u | q ing y an -> 谷青阎,g u | q ing y an -> 谷晴严,m iao | z i m ing zh ou -> 苗子冥周,y ang | zh i y uan -> 扬执袁,m iao | z i m ing zh ou -> 苗子冥周,d ing | r an -> 丁然,d ai | h uai y uan -> 戴怀辕,d ing | y in -> 丁殷,p an | ch u -> 潘楚,d uan m u | t ing x ue -> 端牧听薛,d ing | y in -> 丁殷,w en r en | l ing w ei -> 问任凌卫,d ing | y in -> 丁尹,d uan m u | t ing x ue -> 段慕听薛
83,t an | x uan q ing -> 谭玄清,t an | x uan q ing -> 覃轩清,t an | x uan q ing -> 谭轩晴,f u | f u -> 甫傅,f ei | w u sh uang -> 飞舞双,f u | f u -> 扶甫,m eng | y u h eng -> 孟瑜衡,d ing | x uan zh en -> 丁玄甄,m eng | y u h eng -> 孟雨衡,g ao | y un -> 高云,z eng | h ang -> 曾珩,m eng | y u h eng -> 孟羽衡,d ing | y an -> 丁晏,m eng | y u h eng -> 孟玉衡,z eng | h ang -> 曾珩
84,h ong g u h uai y uan x uan n ing m iao -> <INVALID>,h ong g u h uai y uan q ing x ing y uan w ei |  -> <INVALID>,h ong g u h uai y uan q ing x ing y uan w ei |  -> <INVALID>,d ing | m o y uan -> 丁莫辕,l i | y u h eng -> 离俞衡,d ing | m o y uan -> 丁墨渊,p an | ch u -> 潘楚,zh u | sh ao b ai -> 朱少白,p an | ch u -> 潘楚,y uan | r uo n ing -> 元若宁,d ing | x uan zh en -> 丁轩甄,p an | ch u -> 潘楚,m eng | y u h eng -> 孟瑜衡,p an | ch u -> 潘初,d ing | x uan zh en -> 丁玄真
85,q ing y ao | y u -> 青瑶玉,q ing y uan | g ui y ou -> 晴元桂尤,q ing y uan | g ui y ou -> 清元桂游,d ong g uo | g ui w an q ing n ing -> 东郭归万清宁,m iao | z i m ing zh ou -> 苗子明舟,d ong g uo | zh ou -> 东郭舟,g ao | y ue -> 高月,d ong g uo | w u ch en -> 董郭武尘,g ao | y ue -> 高月,y ue | w u y ang -> 月舞恙,zh u | sh ao b ai -> 朱少白,g ao | y un -> 高韵,p an | ch u -> 潘楚,g ao | y un zh i -> 高云知,zh u | sh u -> 祝书
86,f ang | y ou -> 方尤,l an | w ang -> 澜王,l an | w ang -> 兰王,h e | z i m a -> 贺子马,f u | f u -> 傅甫,t ang | n an g ong -> 唐南宫,y uan | r uo n ing -> 元若宁,t ao | r uo q ing -> 陶若青,y uan | r uo n ing -> 元若宁,t ao | z i q ing -> 陶子清,d ong g uo | w u ch en -> 东郭武陈,y uan | r uo n ing -> 渊若宁,g ao | y un -> 高云,m a | h eng -> 马衡,ch eng | ch e -> 承澈
87,l an | w ang -> 兰王,n ing y an zh ang | ch en -> 宁晏长陈,n ing y an zh ang | ch en -> 宁炎长陈,y uan | h eng -> 渊衡,d ing | x ue -> 丁雪,y uan | h eng -> 元衡,y ue | w u ch en -> 月舞宸,t ang | y u w en -> 棠宇文,y ue | w u ch en -> 岳无陈,t ang | y u w ei -> 唐玉微,t ao | r uo q ing -> 陶若晴,y ue | w u ch en -> 月吴宸,y uan | r uo n ing -> 元若宁,y ue | w u ch en -> 月吴宸,s u | ch u -> 苏楚
88,n ing y an zh ang | ch en -> 宁严张陈,w en | t ang _ an -> 问汤安,w en | t ang _ an -> 温汤安,d ai | q ing -> 戴清,y e | ch eng -> 叶程,d ai | z i h an -> 戴子寒,t ao | l an q ing -> 陶岚清,r en | x ing h e -> 人星和,t ao | sh u -> 陶书,r en | x ing h e -> 任行赫,t ang | y u w ei -> 唐尉微,t ao | r uo q ing -> 陶若清,y ue | w u ch en -> 月舞宸,t ao | sh ao w ei -> 陶邵韦,t ao | sh u -> 陶舒
89,w en | t ang _ an -> 温汤安,y u n ing y in | l in -> 瑜宁尹林,y u n ing y in | l in -> 玉宁音林,t u | m ing -> 涂明,x ue | w en -> 薛问,g ao | y ao -> 高姚,t ang | y u w en -> 唐玉文,zh uang | y ue -> 庄月,r en | y un ch u -> 任云初,zh uang | y ue -> 庄岳,r en | x ing h e -> 任行赫,t ang | y u w ei -> 唐雨韦,t ao | r uo q ing -> 陶若清,t ang | y u w ei -> 汤余微,r en | y un ch u -> 任云初
90,y u n ing y in | l in -> 羽宁尹临,x ia | y uan -> 夏渊,x ia | y uan -> 夏辕,zh u | m o x uan -> 朱墨玄,l u | q ing h e -> 鲁清和,d ong g uo | y un x i -> 董郭云西,r en | x ing h e -> 任行和,t ian | sh ao b ai -> 田少白,zh ao | q ing x i -> 赵清席,t ian | sh ao b ai -> 田少白,zh uang | y ue -> 庄岳,r en | x ing h e -> 人邢禾,t ang | y u n ing -> 唐玉宁,r en | x ing h e -> 人星贺,zh ao | q ing x i -> 赵晴溪
91,x ia | y uan -> 夏渊,w eng | q iao -> 翁乔,w eng | q iao -> 翁乔,r en | z i j in -> 任子金,y e | y ao -> 叶瑶,y u | q ing h e -> 尉晴和,zh uang | y ue -> 庄岳,f an | x ing zh ou -> 范行洲,g u | y un x iu -> 谷韵修,f an | x ing zh ou -> 范星周,t ian | sh ao b ai -> 田少白,zh uang | y ue -> 庄岳,r en | x uan w ei -> 任玄微,zh uang | y ue -> 庄月,g u | y un y uan -> 谷韵渊
92,w eng | q iao -> 翁乔,y in | x uan l i q ing -> 音轩厉青,y in | x uan l i q ing -> 殷玄离青,s i m ing x iao | zh ang -> 司明萧章,ch eng | q iu -> 承秋,w ei | l ing x ue t ang -> 魏灵雪棠,t ian | sh ao b ai -> 田少白,f u | w u y ang -> 傅无杨,t ian | sh ao b ai -> 田邵白,f u | y u h ang -> 傅玉珩,f an | x ing zh ou -> 范星周,t ian | sh ao b ai -> 田少白,zh uang | y ue -> 庄岳,t ian | sh ao b ai -> 田邵白,t ian | sh ao b ai -> 田少百
93,y in | x uan -> 音玄,g e y uan l ong | zh ang -> 葛袁龙章,g e l ong l ing l ing y ou | q ing -> 葛龙令凌游青,l iang | q ing h e -> 梁晴和,k ong | x ing h e -> 孔星何,y an | q ing y ue -> 严晴月,f an | x ing zh ou -> 范星周,q in | y ao q ing -> 秦姚晴,f an | x ing zh ou -> 樊行洲,q in | y ao q ing -> 秦瑶青,f u | f u y ao -> 傅傅姚,f an | x ing zh ou -> 范星洲,t ian | sh ao b ai -> 田少白,f an | x ing zh ou -> 范行周,f an | x ing zh ou -> 范行舟
94,h eng g e l ong | zh ang -> 衡歌龙章,z ou zh uang | y ao -> 邹庄姚,h ou | y in -> 侯殷,x ing zh ou | q ing y ue -> 行舟青月,sh eng | zh ang -> 盛长,l an q ing h e | x uan q ing zh ao -> 澜青河玄清赵,f u | w u y ang -> 傅吴杨,t ang | g ui w an -> 唐桂婉,f u | f u y ao -> 甫扶姚,t ang | zh ou -> 唐周,q in | y ao q ing -> 秦瑶青,f u | y u h ang -> 扶余珩,f an | x ing zh ou -> 范星周,f u | y u x iao -> 甫瑜萧,f u | y u x iao -> 傅尉霄
95,z ou | q ing -> 邹青,y uan m ing n ing y un | y ao n iu -> 远冥宁云姚牛,l in | x iu -> 临岫,l an q ing h e | x uan q ing zh ao -> 岚清贺轩清昭,d ong | m o x uan -> 东莫玄,ch ang | x ue q ing x uan -> 常雪青玄,q in | y ao q ing -> 秦瑶青,l u | j ing h e -> 陆璟河,q in | y ao q ing -> 秦瑶晴,t ang | n ing -> 汤宁,t ang | g ui w an -> 唐桂晚,q in | y ao q ing -> 秦遥青,f u | y u x iao -> 傅玉霄,q in | y ao n ing -> 秦姚宁,q in | y ao q ing -> 秦遥青
96,h ou | y in -> 侯音,p an | y u -> 潘于,y un | y ao n iu -> 云瑶牛,ch ang | x ue q ing x uan -> 常雪清玄,r en | z i j in -> 任子靳,g eng | ch uan -> 庚川,t ang | x ing y ao -> 唐邢姚,y e | y un sh u -> 夜云舒,t ang | zh ou -> 汤周,h e | z i m o -> 和子莫,l u | j ing h e -> 卢惊和,t ang | x ing w ei -> 唐行微,q in | y ao q ing -> 秦瑶青,t ang | zh ou -> 唐洲,t ang | zh ou -> 唐洲
97,l in | ch en -> 林陈,y in | q ing y ao l ei -> 殷青遥雷,p an | y u -> 潘尉,g eng | ch uan -> 耿川,s i m ing x iao | zh ang -> 司冥萧张,q iao | m o ch en -> 乔莫陈,l u | j ing h e -> 鲁景何,g eng | m ing zh ao -> 庚冥昭,t ang | n ang -> 汤nang,y uan | x ue q iu -> 远雪秋,y e | y ao y in -> 叶瑶音,l u | j ing h e -> 卢璟何,t ang | g ui w an -> 唐桂晚,t ang | x ang q ing -> 唐xang晴,t ang | n in -> 唐nin
98,x uan y ao n iu | z i -> 玄姚牛子,l ing y un zh en | f an -> 灵韵甄樊,y in | q ing y ao l ei -> 尹清姚雷,q iao | m o ch en -> 巧莫宸,l iang | q ing h e -> 梁清禾,sh en | g ui y un w ei -> 深归云韦,y e | y u l i -> 叶玉离,n iu | z i h an -> 牛子涵,h e | z i m o -> 河子莫,k ong | x ing h e -> 孔邢何,g eng | m ing zh ao -> 庚冥赵,y e | z i _ an -> 夜子安,l u | q ing h eng -> 卢青衡,y uan | m ing y uan -> 辕冥辕,h e | z i m o -> 禾子莫
99,w ei | y u -> 魏于,d ao h e | z i t u j iu q ing n ing y ao -> 道禾子徒咎青宁摇,l ing y un zh en | f an -> 凌韵真樊,sh en | g ui y un w ei -> 深桂韵卫,x ing zh ou | q ing y ue -> 星洲清月,_ ou y ang | g ui -> 欧杨归,g eng | m ing zh ao -> 耿冥照,zh ang | r uo q ing -> 章若青,y uan | x ue q ing -> 辕雪清,sh eng | zh ang f eng -> 盛章凤,n iu | t ing l an -> 牛听兰,g eng | m o b ai -> 庚莫柏,y e | y ao y in -> 叶瑶音,ch eng | q iu -> 成秋,y uan | x ue q ing -> 辕雪晴
